<?xml version="1.0" encoding="UTF-8"?>

<gamesettings>
    <name>Snake and Ladders</name>
    <imagepath>/img/SnakeAndLadders1_small.jpg</imagepath>
    <classname>SingleDicingFigure</classname>
    <setround>0</setround>
    <settimer>00:00:00</settimer>
    <boardsize>
        <x>6</x>
        <y>5</y>
    </boardsize>
    <snake id="1">
        <activationcell>
            <x>2</x>
            <y>4</y>
        </activationcell>
        <setcell>
            <x>0</x>
            <y>0</y>
        </setcell>
        <distance>26</distance>
    </snake>
    <snake id="2">
        <activationcell>
            <x>3</x>
            <y>3</y>
        </activationcell>
        <setcell>
            <x>3</x>
            <y>1</y>
        </setcell>
        <distance>12</distance>
    </snake>
    <snake id="3">
        <activationcell>
            <x>5</x>
            <y>3</y>
        </activationcell>
        <setcell>
            <x>5</x>
            <y>1</y>
        </setcell>
        <distance>12</distance>
    </snake>
    <snake id="4">
        <activationcell>
            <x>4</x>
            <y>2</y>
        </activationcell>
        <setcell>
            <x>3</x>
            <y>0</y>
        </setcell>
        <distance>13</distance>
    </snake>
    <ladder id="1">
        <activationcell>
            <x>2</x>
            <y>0</y>
        </activationcell>
        <setcell>
            <x>2</x>
            <y>3</y>
        </setcell>
        <distance>19</distance>
    </ladder>
    <ladder id="2">
        <activationcell>
            <x>4</x>
            <y>0</y>
        </activationcell>
        <setcell>
            <x>4</x>
            <y>1</y>
        </setcell>
        <distance>3</distance>
    </ladder>
    <ladder id="3">
        <activationcell>
            <x>1</x>
            <y>1</y>
        </activationcell>
        <setcell>
            <x>1</x>
            <y>4</y>
        </setcell>
        <distance>15</distance>
    </ladder>
    <ladder id="4">
        <activationcell>
            <x>4</x>
            <y>3</y>
        </activationcell>
        <setcell>
            <x>4</x>
            <y>4</y>
        </setcell>
        <distance>9</distance>
    </ladder>
</gamesettings>